Gender,Age,Attendance (%),HighSchool_GPA,Internal_Assessments (%),Participation_Score,Projects_Completed,Study_Hours_Per_Week,Backlogs,Sem_1_GPA,Sem_2_GPA,Target_CGPA
Male,17,90.0,73.3,82.8,2.9,5,18.1,0,7.92,8.33,8.18
Female,18,90.4,69.4,69.4,3.3,1,2.0,0,7.22,6.91,7.08
Male,22,75.9,58.099999999999994,92.6,3.0,0,11.1,0,5.34,5.48,5.35
Male,21,88.8,67.8,71.5,4.2,3,7.9,0,6.5,6.93,6.7
Male,17,87.1,51.5,59.1,4.9,0,12.8,1,5.32,5.49,5.46
Male,18,82.0,57.300000000000004,66.4,4.6,4,6.6,0,5.09,5.32,5.24
Male,21,78.2,82.30000000000001,87.4,4.4,1,15.7,0,7.61,7.59,7.66
Female,18,94.8,69.2,72.8,3.3,3,16.7,0,6.27,6.34,6.45
Female,17,88.6,67.30000000000001,79.3,4.4,1,18.2,0,5.22,5.65,5.55
Female,19,82.0,76.10000000000001,51.1,4.8,2,9.9,1,6.66,6.44,6.5
Male,18,94.2,78.89999999999999,68.6,4.7,2,14.1,0,7.34,7.31,7.31
Male,17,70.4,78.60000000000001,78.1,2.5,3,2.0,0,7.83,7.79,7.76
Male,19,83.4,79.80000000000001,97.6,3.4,2,12.7,3,6.82,6.91,6.92
Female,17,100.0,72.69999999999999,78.6,2.9,5,13.4,0,7.07,7.63,7.55
Female,21,92.9,64.1,91.8,4.1,0,6.4,0,5.71,5.58,5.67
Female,17,80.0,56.4,75.8,4.1,4,14.1,0,4.98,4.77,4.84
Female,22,93.1,60.199999999999996,77.7,3.8,4,17.2,0,5.95,6.36,6.13
Female,21,71.8,81.30000000000001,78.6,4.7,1,14.5,0,8.54,8.76,8.65
Male,17,100.0,80.7,60.7,4.3,5,14.6,0,8.45,8.22,8.43
Male,19,89.1,84.9,97.8,2.7,0,6.5,0,7.9,7.97,8.01
Male,17,87.8,84.9,75.2,3.9,3,17.8,0,8.6,8.36,8.37
Female,20,89.8,72.30000000000001,83.6,2.5,5,11.5,2,7.4,7.16,7.12
Female,18,80.5,85.3,77.6,4.8,2,7.0,0,7.89,8.05,8.04
Female,18,73.6,79.3,81.7,4.2,5,8.2,0,8.42,8.73,8.71
Female,22,90.2,100.0,81.9,4.3,5,16.5,1,9.64,10.0,9.85
Male,21,82.6,69.2,76.0,3.7,5,4.8,0,6.9,6.81,6.98
Male,21,85.6,62.1,66.4,4.1,5,14.7,0,6.03,5.87,6.17
Male,18,91.3,50.7,77.2,4.5,3,10.2,0,4.04,4.34,4.36
Female,19,73.0,71.0,69.3,3.9,5,9.4,1,6.27,6.74,6.83
Male,22,95.3,56.8,69.2,3.4,2,11.1,0,6.42,5.22,5.55
Male,18,82.5,60.0,94.6,4.1,0,6.3,0,6.52,6.05,6.36
Female,20,85.1,63.2,80.5,2.7,2,11.2,0,6.15,6.3,6.35
Male,18,100.0,60.099999999999994,100.0,4.9,4,4.2,0,5.95,5.8,5.86
Female,18,80.1,67.9,85.2,2.8,5,15.8,1,7.32,7.75,7.7
Female,20,76.7,68.3,84.0,5.0,5,14.4,0,7.27,7.13,7.26
Female,18,83.0,72.4,88.2,4.4,2,10.4,2,7.17,7.79,7.62
Male,18,91.8,71.3,78.9,4.9,5,11.5,0,6.52,7.46,7.08
Female,22,72.9,88.9,84.5,4.5,4,9.2,0,8.69,9.18,9.04
Female,21,76.7,71.10000000000001,80.0,4.0,3,9.7,0,7.03,6.93,6.95
Female,18,87.3,57.599999999999994,58.1,4.5,1,9.3,0,6.24,6.46,6.57
Female,17,93.6,73.1,74.8,2.5,0,8.0,0,7.27,7.04,7.2
Male,18,100.0,73.7,79.8,3.2,5,10.6,2,7.4,7.59,7.56
Male,22,86.0,65.7,75.3,4.1,3,14.0,0,7.45,7.24,7.43
Male,20,86.8,100.0,65.3,3.2,3,11.4,0,9.12,8.92,9.04
Female,21,88.4,97.5,86.4,4.2,2,9.7,0,8.89,9.72,9.54
Male,22,80.3,54.400000000000006,91.2,4.9,5,13.1,0,5.38,4.84,4.99
Male,22,85.1,75.6,69.6,3.6,4,14.5,0,7.42,7.73,7.73
Female,22,73.8,56.6,90.3,2.8,2,13.0,1,6.48,7.05,6.9
Male,19,100.0,96.1,72.0,2.8,3,15.9,0,9.73,10.0,9.91
Male,20,91.9,87.69999999999999,53.9,3.5,0,15.5,0,8.5,9.2,9.01
Female,21,100.0,58.4,54.6,3.6,1,11.8,3,4.61,4.67,4.55
Male,22,91.7,79.4,63.7,3.0,2,15.0,0,7.59,7.3,7.48
Male,18,79.7,65.5,73.7,3.0,2,7.9,0,7.33,7.44,7.37
Male,21,87.1,73.7,72.3,4.5,4,9.1,0,7.46,7.45,7.26
Male,21,69.8,91.4,94.7,2.6,2,11.0,0,9.23,9.45,9.56
Female,17,96.2,73.5,63.5,3.8,0,8.8,0,6.7,6.54,6.52
Female,19,100.0,85.60000000000001,74.9,2.7,1,17.9,0,9.12,9.44,9.26
Male,18,83.1,64.5,58.4,4.1,4,4.3,3,6.72,6.26,6.5
Male,17,78.5,69.2,67.9,2.9,5,8.5,1,6.74,6.51,6.65
Female,17,84.5,72.1,64.1,4.9,4,12.9,0,7.15,7.45,7.29
Male,18,86.0,84.0,55.0,4.4,5,14.2,0,7.82,7.2,7.28
Female,21,85.5,78.1,64.1,3.2,1,7.4,0,7.74,7.58,7.67
Female,21,76.4,70.4,87.1,3.1,4,9.7,0,7.1,7.78,7.34
Female,18,77.0,81.89999999999999,72.6,4.6,4,12.7,0,8.03,8.16,8.13
Male,22,96.7,78.1,79.1,3.0,2,10.4,0,7.81,7.74,7.83
Female,22,100.0,85.5,71.1,3.5,5,11.0,0,9.0,8.35,8.56
Female,20,85.2,95.1,78.9,3.5,4,11.1,0,9.43,9.84,9.59
Female,17,96.4,79.1,70.0,4.1,1,15.9,1,7.75,7.67,7.65
Male,17,93.3,64.7,75.9,4.4,2,10.1,1,6.79,6.69,6.73
Male,21,75.2,69.7,79.5,3.1,4,15.9,0,7.26,7.53,7.66
Male,21,77.3,60.099999999999994,53.7,3.7,1,18.0,2,5.95,5.6,5.99
Male,17,86.3,76.3,83.7,4.2,5,12.9,0,7.65,8.5,8.38
Male,18,100.0,68.89999999999999,63.1,5.0,0,11.5,1,6.72,7.26,6.94
Male,19,100.0,73.1,69.9,4.5,0,15.4,2,5.95,5.53,5.57
Male,19,81.6,95.0,71.9,2.9,5,6.0,0,7.95,8.03,8.01
Female,18,92.0,97.2,88.5,2.5,4,7.9,2,9.78,9.77,9.7
Male,22,100.0,75.7,75.2,3.0,4,11.9,1,7.08,6.96,7.03
Female,18,79.6,66.39999999999999,76.3,4.4,3,17.6,0,5.11,5.71,5.34
Female,18,81.6,70.5,58.1,4.1,0,8.9,0,7.32,7.93,7.83
Male,22,73.7,68.7,80.9,4.1,3,10.6,0,6.56,6.94,6.89
Female,20,81.4,88.9,62.0,3.2,3,14.5,1,8.85,8.45,8.71
Female,22,83.2,68.7,87.6,3.1,0,17.3,0,5.79,5.38,5.73
Male,17,64.2,95.39999999999999,77.5,4.4,3,11.6,0,9.32,9.86,9.72
Female,17,86.5,70.6,74.3,3.2,1,20.6,0,7.2,7.37,7.33
Male,18,85.2,79.2,68.5,2.5,4,8.9,2,7.82,7.53,7.7
Female,18,68.0,87.30000000000001,80.7,3.0,3,18.5,0,9.32,8.68,8.8
Male,19,78.8,75.3,81.2,2.7,3,9.1,0,7.02,6.56,6.65
Male,17,71.5,63.3,87.6,3.9,3,20.3,2,5.98,5.74,5.92
Male,17,79.2,76.5,100.0,3.3,5,11.6,1,7.43,8.24,7.94
Male,17,100.0,83.5,68.3,4.5,1,7.6,0,8.61,8.42,8.49
Male,20,84.3,82.4,77.1,4.7,3,6.7,1,8.32,8.85,8.79
Female,18,89.6,74.2,55.1,3.1,3,15.3,0,7.29,6.96,7.21
Male,18,84.6,83.2,75.3,3.3,3,12.1,1,8.17,8.09,8.11
Male,20,81.9,77.69999999999999,69.3,3.3,2,11.0,0,7.64,8.32,8.15
Female,19,95.3,57.199999999999996,78.2,3.1,3,15.6,0,5.56,6.09,5.89
Female,18,99.1,100.0,70.6,4.7,1,5.3,1,8.92,8.85,8.88
Female,18,71.6,64.0,63.0,2.6,0,8.9,0,6.18,6.37,6.5
Male,22,75.0,86.8,72.4,4.9,2,21.2,0,8.15,8.32,8.35
Male,17,87.9,100.0,67.3,3.1,4,9.9,0,9.48,10.0,9.83
Female,21,79.3,65.0,80.7,4.5,4,9.2,0,5.95,6.67,6.64
Male,17,78.9,70.3,78.4,4.1,4,13.3,0,6.74,6.52,6.49
Male,18,77.7,74.6,96.5,2.7,0,14.8,0,6.73,6.82,6.94
Male,22,100.0,68.60000000000001,69.1,4.2,1,16.2,0,6.95,6.91,7.02
Female,17,96.1,84.80000000000001,81.1,4.2,4,16.0,1,9.05,9.08,9.12
Male,21,97.1,65.19999999999999,79.4,4.6,4,10.4,0,6.42,6.54,6.4
Male,21,92.5,82.69999999999999,100.0,4.4,0,13.1,0,7.87,7.93,7.97
Female,22,91.1,77.2,69.6,3.3,4,12.8,1,7.59,7.41,7.62
Female,19,69.8,68.3,79.5,4.4,1,11.5,1,5.61,5.49,5.75
Female,18,70.5,50.0,80.3,4.2,2,10.0,0,4.92,4.79,4.74
Female,18,93.7,82.8,73.8,3.5,5,7.1,0,8.91,8.99,9.02
Female,20,82.6,79.2,60.0,4.7,2,17.8,0,7.89,8.17,8.17
Male,17,89.5,82.69999999999999,90.9,2.8,3,17.0,0,8.32,8.15,8.42
Male,17,84.6,57.800000000000004,76.5,3.2,4,9.3,1,5.36,4.7,4.91
Male,21,60.8,56.0,84.1,4.2,2,13.5,0,5.64,5.35,5.48
Male,19,85.0,61.1,93.0,3.9,0,15.5,0,6.01,5.29,5.54
Male,19,78.2,63.0,71.6,3.9,2,16.0,0,6.41,7.07,6.98
Male,20,85.6,67.2,83.4,4.3,4,13.6,1,7.04,6.93,7.13
Female,21,87.0,99.9,66.7,3.8,5,10.5,0,9.89,9.73,9.77
Male,22,81.8,80.1,81.3,4.1,4,9.7,0,8.67,8.94,8.89
Female,22,86.2,82.4,62.7,2.7,0,16.4,1,7.98,7.89,8.11
Male,19,72.7,57.400000000000006,77.7,3.6,0,16.2,1,6.08,6.16,6.15
Male,22,93.8,82.8,56.1,4.8,4,14.1,0,7.45,7.3,7.42
Male,19,89.9,78.1,68.4,4.9,2,9.3,0,7.6,8.17,8.07
Male,22,81.3,84.3,40.8,3.4,2,7.4,0,8.39,7.97,8.26
Male,22,80.3,79.2,74.4,3.1,5,13.9,0,7.76,7.35,7.62
Female,21,80.1,56.3,69.9,4.0,3,8.6,0,5.69,5.66,5.91
Female,17,88.8,80.19999999999999,87.4,3.0,0,13.0,0,7.78,7.87,7.95
Female,19,85.5,83.80000000000001,74.0,3.3,0,9.6,0,8.18,8.65,8.56
Male,19,95.0,50.0,100.0,2.8,1,11.4,0,5.35,5.03,5.23
Female,18,74.5,67.5,98.0,4.7,5,14.2,1,6.09,6.25,6.27
Female,21,100.0,74.3,77.4,2.6,5,16.2,2,7.78,8.35,8.26
Female,21,73.6,94.60000000000001,61.2,2.8,0,16.0,1,9.13,9.88,9.67
Male,17,82.6,86.6,89.3,4.5,5,7.1,1,8.31,8.96,8.76
Male,21,86.3,72.9,75.2,3.3,0,6.9,0,6.27,5.97,5.89
Female,21,78.6,59.1,94.7,4.0,4,16.0,0,6.2,6.17,5.96
Male,20,100.0,58.3,55.3,4.0,1,21.3,1,5.99,6.33,6.34
Male,19,92.6,78.4,76.3,2.7,2,11.7,2,7.26,7.25,7.12
Male,19,84.0,63.099999999999994,61.8,4.5,1,4.4,0,6.31,6.01,6.24
Male,22,75.2,72.30000000000001,81.6,3.0,0,8.1,0,6.73,6.96,6.76
Female,21,89.4,74.80000000000001,81.6,4.5,3,9.7,0,7.31,7.46,7.5
Male,18,85.5,75.5,66.6,4.0,1,9.3,0,6.73,6.55,6.57
Male,20,93.9,71.5,90.0,4.2,0,13.0,0,6.56,6.18,6.37
Male,22,91.3,80.0,72.8,2.6,2,11.5,0,8.28,9.26,8.91
Female,22,71.3,73.89999999999999,100.0,5.0,5,13.7,0,6.8,7.57,7.29
Male,19,90.7,94.5,70.5,2.7,1,11.2,1,8.96,8.65,8.72
Male,20,72.8,75.4,65.8,2.7,0,9.5,0,7.69,7.92,7.96
Female,18,65.1,79.5,89.7,5.0,1,7.2,0,8.59,8.86,8.73
Female,19,84.4,81.7,75.9,2.9,2,8.0,0,8.28,8.34,8.26
Male,18,77.6,89.80000000000001,88.1,4.8,0,14.4,0,8.23,8.2,8.36
Male,20,86.4,100.0,79.7,2.7,2,9.9,1,9.98,10.0,9.99
Female,17,77.1,59.0,53.0,3.5,2,14.0,0,5.89,6.99,6.66
Female,22,93.4,76.0,73.8,3.5,4,14.3,0,7.7,7.73,7.68
Female,22,90.4,64.2,75.3,4.1,4,12.0,1,6.21,6.64,6.67
Female,17,90.6,75.1,59.3,3.5,0,10.5,0,6.81,6.93,6.98
Female,18,84.3,80.8,75.8,3.6,4,4.1,0,7.28,7.62,7.69
Female,17,97.2,72.4,92.9,2.6,0,9.7,0,6.83,6.68,6.73
Female,19,81.1,77.0,76.9,4.5,5,12.0,0,7.97,7.48,7.42
Female,20,94.3,58.6,72.3,3.4,4,16.8,1,5.5,5.37,5.19
Male,20,79.5,79.7,57.3,2.5,4,12.7,0,7.76,8.09,8.03
Male,19,75.3,89.39999999999999,73.1,2.7,0,7.2,0,8.72,8.75,8.94
Female,17,71.3,55.599999999999994,92.7,4.7,4,11.2,2,5.03,5.55,5.35
Male,19,100.0,83.10000000000001,69.1,2.6,3,11.6,0,8.57,8.97,8.9
Male,22,98.0,93.69999999999999,75.4,2.9,2,9.0,1,10.0,10.0,10.0
Female,22,86.8,58.8,63.3,3.4,0,14.7,0,6.26,6.83,6.75
Female,21,95.0,65.9,57.9,3.0,2,18.0,0,7.05,7.37,7.34
Female,19,100.0,67.30000000000001,86.1,4.9,3,17.8,1,7.43,7.75,7.78
Female,21,81.4,64.9,62.5,3.6,1,4.1,0,6.18,6.17,6.24
Male,20,93.2,85.3,68.0,4.7,5,15.4,0,7.92,8.22,8.23
Female,22,91.6,89.1,77.2,5.0,5,6.8,2,8.91,8.75,8.78
Male,21,90.9,89.9,75.3,4.3,4,21.2,0,9.33,9.66,9.41
Female,20,92.5,79.6,90.5,2.9,4,14.7,0,7.66,7.42,7.48
Male,19,90.9,95.0,79.7,4.0,2,9.9,1,8.74,8.79,8.81
Male,20,77.2,82.8,73.5,3.3,4,13.7,0,8.44,8.39,8.61
Female,20,81.0,77.69999999999999,86.2,3.5,3,18.7,0,7.19,6.68,7.01
Female,22,79.5,100.0,68.2,3.9,1,12.7,0,10.0,10.0,10.0
Female,22,90.9,84.3,68.4,3.7,1,16.5,1,7.91,8.05,8.18
Male,19,73.6,72.69999999999999,66.4,2.7,4,4.5,0,7.83,8.18,7.99
Female,17,100.0,89.7,82.0,2.8,1,16.6,0,8.62,9.47,9.36
Female,18,80.1,61.6,76.7,3.2,1,4.9,2,5.73,5.19,5.45
Male,17,79.7,61.0,40.5,2.8,0,12.8,0,5.71,6.47,6.2
Male,20,79.0,80.60000000000001,63.0,4.4,4,13.2,0,7.81,7.83,7.77
Male,20,76.7,72.30000000000001,79.4,3.2,3,10.8,1,7.81,7.9,7.83
Male,22,60.8,85.60000000000001,83.8,2.6,5,10.9,0,8.39,8.7,8.47
Female,20,79.7,84.5,59.9,3.0,3,6.7,3,9.46,8.91,9.24
Male,18,77.7,65.3,77.4,3.8,5,16.6,0,6.54,6.92,6.84
Male,17,81.3,65.1,76.0,3.6,3,6.9,2,6.28,6.55,6.58
Male,18,61.4,62.9,82.4,2.7,5,20.2,0,6.0,6.65,6.4
Female,17,77.0,69.2,63.6,4.4,4,6.2,1,6.77,6.75,6.63
Male,17,93.8,74.1,72.8,2.8,3,24.8,0,7.0,7.56,7.42
Male,20,70.6,86.0,67.0,3.9,5,16.8,0,8.67,8.8,8.88
Female,20,89.8,64.80000000000001,67.3,4.6,4,16.1,2,6.11,6.05,6.01
Female,21,89.2,99.80000000000001,62.2,2.7,3,12.8,0,9.9,9.97,9.96
Male,22,74.4,80.1,72.8,2.9,3,15.9,0,8.4,9.54,9.25
Female,19,88.3,77.30000000000001,70.8,3.0,1,13.1,0,7.68,7.38,7.63
Female,21,98.2,73.60000000000001,49.5,3.7,3,9.6,1,6.66,6.56,6.71
Male,19,90.5,72.1,70.6,2.9,3,9.3,1,6.0,6.59,6.58
Male,22,95.0,69.80000000000001,79.8,4.1,2,11.9,0,6.19,6.77,6.56
Male,19,87.0,78.4,71.9,3.1,2,10.0,0,8.03,8.18,8.36
Female,21,75.0,66.9,81.2,4.7,0,12.7,1,6.81,7.35,7.24
Male,18,82.6,83.10000000000001,97.8,2.8,1,5.2,1,6.97,6.2,6.57
Female,22,79.6,73.89999999999999,79.0,3.2,1,12.8,1,7.45,7.45,7.56
Male,17,91.2,63.8,88.0,4.6,3,14.6,0,5.99,6.24,6.37
Female,19,82.8,70.8,74.8,3.3,4,10.8,0,6.35,6.02,6.26
Female,20,100.0,73.7,73.0,4.5,0,12.3,3,6.94,7.07,7.18
Male,20,75.7,77.9,86.7,4.7,3,14.0,0,6.24,6.61,6.45
Male,21,66.7,81.1,91.5,4.7,3,20.4,0,7.35,8.11,7.96
Female,17,85.8,55.8,72.0,3.7,2,8.6,0,5.44,5.76,5.69
Female,20,100.0,67.5,77.3,3.1,3,10.2,0,5.45,5.38,5.37
Male,20,70.9,74.0,56.9,3.0,1,15.0,0,7.05,6.85,6.98
Female,20,98.4,52.5,76.4,4.8,3,8.9,0,4.95,4.92,4.88
Male,20,95.8,75.3,97.8,5.0,2,11.8,0,6.98,6.47,6.49
Female,22,69.2,78.2,81.1,4.0,1,15.7,2,7.35,7.26,7.34
Female,18,100.0,85.8,71.8,3.6,4,8.4,0,8.27,7.98,8.1
Male,20,85.8,72.30000000000001,67.2,4.9,4,16.9,0,7.61,7.67,7.69
Male,17,92.1,77.8,86.4,4.3,5,13.1,0,7.01,7.15,7.13
Female,18,82.9,73.5,52.4,3.9,3,4.2,1,7.52,8.01,7.92
Male,17,78.5,96.30000000000001,60.7,3.3,2,15.7,1,10.0,10.0,10.0
Female,19,87.6,73.4,84.7,3.3,1,4.7,0,7.73,8.24,8.22
Female,19,74.1,70.1,61.7,4.7,2,11.1,0,7.47,8.13,7.89
Female,19,82.9,54.800000000000004,65.3,4.2,3,5.5,0,5.92,6.01,6.04
Female,17,76.9,80.1,69.3,3.8,3,11.9,2,7.59,7.65,7.65
Male,22,81.3,71.9,94.2,3.2,4,11.6,1,7.1,7.67,7.55
Male,19,83.9,80.39999999999999,56.1,3.9,1,7.5,0,8.71,9.7,9.47
Male,22,90.0,53.4,68.5,3.1,0,7.0,2,4.71,4.02,4.36
Male,18,74.3,77.9,99.9,3.7,1,8.3,0,8.14,9.02,8.64
Male,21,90.0,69.4,73.7,3.7,1,5.9,2,6.86,7.06,7.07
Male,18,95.9,76.2,78.7,2.8,3,10.4,1,7.73,7.68,7.77
Male,21,84.7,88.5,74.4,4.0,1,6.2,0,8.23,8.09,8.31
Female,22,63.6,100.0,87.7,5.0,2,12.9,0,10.0,10.0,10.0
Female,18,85.9,72.6,73.2,4.6,4,16.7,1,6.96,7.3,6.93
Male,18,91.6,77.30000000000001,74.8,4.2,2,10.4,1,7.14,7.4,7.25
Male,21,71.2,67.5,85.3,3.0,0,9.9,0,6.98,7.37,7.32
Female,21,78.6,80.19999999999999,84.6,4.1,5,15.0,1,8.0,8.53,8.38
Female,20,76.2,73.0,66.1,3.5,5,11.2,0,6.83,6.17,6.44
Male,17,85.0,65.19999999999999,82.9,2.6,4,15.8,0,5.52,5.31,5.34
Male,17,75.6,85.0,72.7,3.3,5,5.8,0,8.23,8.35,8.37
Female,22,98.6,59.3,40.0,4.0,4,12.7,0,5.83,5.73,5.88
Male,21,75.3,80.7,81.1,3.9,0,7.4,1,7.9,7.99,7.82
Female,21,78.1,70.1,68.7,4.4,3,12.6,0,6.81,6.91,6.88
Female,17,86.6,84.9,64.6,3.3,4,10.9,0,7.9,7.81,7.96
Female,17,87.6,77.30000000000001,85.2,3.4,3,11.5,2,7.66,7.53,7.36
Female,17,83.7,92.10000000000001,86.1,2.5,3,14.1,0,8.6,8.74,8.75
Female,22,78.8,71.2,82.4,2.6,3,16.8,0,6.92,7.26,7.04
Male,20,62.0,68.4,60.4,3.4,1,16.9,1,6.48,6.83,6.63
Female,21,95.4,74.1,83.0,4.0,4,7.7,0,7.4,7.14,7.17
Female,20,96.3,60.7,94.7,4.3,3,12.8,0,5.8,5.68,5.74
Female,19,85.4,63.0,83.9,2.5,1,9.9,0,5.99,5.69,5.57
Male,19,83.1,100.0,84.4,2.5,3,14.2,0,9.78,9.41,9.68
Male,20,92.2,83.6,80.3,2.8,4,12.1,0,8.5,8.84,8.72
Female,19,79.3,76.2,93.6,3.4,0,16.0,3,6.74,6.91,6.91
Female,19,82.8,92.89999999999999,55.8,2.7,1,8.7,0,9.04,8.48,8.68
Female,18,100.0,75.3,77.8,4.9,2,11.2,0,7.0,6.95,6.97
Female,19,97.8,81.7,61.7,4.5,2,13.0,0,8.76,8.45,8.51
Female,21,72.4,72.2,80.6,3.7,0,13.3,0,7.33,7.1,7.42
Male,17,68.9,77.2,99.3,2.7,1,12.0,0,7.43,8.08,7.68
Female,20,100.0,57.9,71.8,2.6,4,13.8,0,5.78,5.24,5.5
Male,22,100.0,58.6,77.3,5.0,3,9.4,0,5.87,5.98,5.91
Female,20,89.9,96.7,72.7,3.1,0,17.6,0,10.0,10.0,10.0
Male,19,81.9,75.0,60.0,3.3,1,14.4,1,7.06,7.27,7.19
Female,22,84.3,100.0,72.0,2.8,1,9.0,2,9.02,8.86,9.08
Female,22,99.2,67.8,52.6,4.5,4,16.0,0,5.59,6.05,5.81
Female,20,92.3,75.19999999999999,63.6,3.1,4,12.9,0,7.23,7.37,7.42
Female,20,100.0,56.2,94.4,3.2,5,12.4,0,5.33,5.8,5.66
Female,19,100.0,57.599999999999994,74.9,4.0,5,9.8,1,5.05,4.11,4.48
Female,19,89.4,79.9,89.8,4.4,2,7.7,0,6.9,7.13,7.04
Female,18,84.2,79.2,69.2,2.5,0,14.8,0,6.44,6.11,6.14
Male,19,91.8,61.2,83.0,3.6,0,13.9,0,6.52,6.23,6.31
Male,18,89.6,84.39999999999999,72.0,4.5,1,17.8,0,7.38,7.51,7.42
Female,19,76.7,81.30000000000001,80.0,4.9,5,17.6,0,8.26,7.76,8.07
Female,17,75.0,70.4,78.0,3.8,1,2.8,2,6.92,7.23,7.25
Female,18,81.8,96.5,77.8,4.3,2,14.0,1,9.87,9.72,9.75
Male,19,74.0,80.3,84.3,4.3,0,14.5,0,7.87,7.53,7.64
Male,19,92.0,85.19999999999999,71.5,4.6,0,11.7,0,7.56,7.52,7.66
Male,21,90.8,81.0,75.6,2.6,2,19.3,1,7.92,8.22,8.1
Male,22,63.5,88.2,69.3,3.2,3,8.5,1,9.15,9.5,9.49
Male,17,71.3,89.5,78.1,4.8,4,12.3,0,8.43,8.12,8.12
Female,20,69.8,88.4,67.4,2.7,3,18.1,1,8.37,7.79,7.91
Female,19,97.4,73.1,68.4,4.9,1,17.5,0,7.68,7.64,7.55
Male,19,80.9,78.1,63.4,3.6,3,8.2,3,7.63,7.43,7.51
Male,17,75.8,85.7,87.4,3.6,3,7.6,0,7.54,7.61,7.48
Female,17,75.8,63.0,77.5,4.0,4,12.3,0,5.83,5.82,6.02
Male,18,98.4,59.400000000000006,85.0,2.5,1,16.8,0,6.25,5.9,5.96
Female,17,95.2,78.3,81.6,3.0,1,13.4,0,8.15,8.72,8.54
Male,21,84.6,56.6,81.2,3.6,3,11.6,1,5.71,6.04,5.86
Male,21,84.8,72.9,77.7,4.8,3,10.5,0,6.87,6.33,6.72
Female,20,98.8,59.5,83.3,4.3,2,13.4,0,6.03,5.82,5.85
Female,19,75.8,65.0,74.2,4.3,4,9.1,0,6.01,6.21,6.23
Male,21,89.7,75.9,83.9,3.0,5,17.7,1,7.73,7.52,7.63
Male,18,91.8,72.5,87.9,3.2,5,21.5,0,7.2,7.59,7.47
Male,19,99.5,58.9,83.3,4.3,5,5.5,0,4.67,4.55,4.71
Male,18,81.1,74.5,75.3,2.6,1,4.3,0,7.0,7.68,7.36
Male,21,93.1,71.7,71.6,2.7,0,14.2,1,6.45,6.78,6.8
Male,17,81.7,67.69999999999999,62.0,3.8,3,8.7,0,5.89,5.46,5.68
Female,22,90.5,81.6,71.9,4.9,4,7.4,0,7.28,7.29,7.23
Female,19,86.8,100.0,79.4,4.2,0,10.7,1,10.0,10.0,10.0
Male,19,73.7,80.7,63.9,2.9,5,7.9,0,8.24,8.73,8.69
Female,22,72.5,75.7,66.5,2.8,3,7.0,0,8.58,8.85,8.66
Male,22,79.4,87.30000000000001,100.0,3.5,1,17.4,0,7.36,7.11,7.28
Female,22,58.6,75.0,78.9,3.8,4,15.7,0,6.84,7.04,6.92
Male,20,80.9,63.099999999999994,82.8,3.5,0,11.5,0,6.2,6.18,6.21
Male,22,100.0,61.7,92.6,3.1,1,16.0,0,6.11,6.91,6.71
Female,18,88.9,74.4,89.7,3.3,0,11.0,0,7.96,7.74,7.84
Male,18,97.4,69.5,74.5,2.7,2,12.2,1,7.17,6.37,6.61
Female,20,87.1,89.39999999999999,69.1,3.6,0,7.7,0,8.4,8.25,8.31
Female,22,79.0,50.0,85.8,4.3,2,17.1,0,5.13,4.77,4.9
Female,19,84.9,82.2,83.0,3.9,4,17.6,1,8.23,8.36,8.49
Female,20,89.1,64.7,91.8,2.9,0,14.8,0,6.42,6.71,6.67
Male,20,88.1,95.39999999999999,87.9,4.7,5,19.5,0,9.89,10.0,9.96
Female,21,76.5,67.2,61.9,3.0,2,8.9,0,6.53,6.99,6.78
Male,17,100.0,81.1,87.4,4.5,1,15.7,0,7.36,7.53,7.56
Male,22,73.2,64.3,82.2,3.0,2,8.2,0,6.65,6.26,6.48
Male,18,91.3,66.6,82.0,2.7,3,8.2,0,7.18,7.42,7.22
Female,19,86.0,71.8,83.1,4.7,1,10.8,0,7.15,7.38,7.38
Female,22,69.6,84.1,82.3,4.6,3,11.6,0,7.96,8.04,8.03
Male,20,88.3,92.2,88.0,3.1,2,6.8,0,9.33,9.96,9.76
Female,19,95.9,99.1,87.3,4.7,2,18.5,3,10.0,10.0,10.0
Male,18,76.8,93.4,81.0,4.8,2,6.4,2,9.32,8.58,8.92
Female,22,93.9,67.9,76.5,3.6,3,16.8,0,7.18,8.07,7.81
Female,22,95.1,91.1,66.1,4.1,3,10.1,0,9.19,8.94,9.26
Male,20,79.7,71.0,79.1,2.5,0,14.1,0,7.57,7.84,7.83
Female,19,85.4,81.7,44.6,2.9,2,10.8,0,8.16,8.18,8.38
Male,20,100.0,69.4,73.2,2.6,4,8.8,0,6.67,6.32,6.53
Male,22,91.3,65.3,85.7,5.0,4,9.5,0,6.46,6.89,6.78
Female,20,89.5,68.8,72.6,4.9,0,13.4,2,6.83,6.85,6.8
Male,21,83.2,56.4,69.1,2.9,2,10.9,0,5.41,5.7,5.72
Female,22,78.5,60.599999999999994,62.5,3.1,3,10.5,0,5.57,5.49,5.57
Male,18,91.0,68.3,70.0,4.7,2,8.3,0,6.61,6.37,6.54
Male,19,67.1,70.7,78.6,4.0,3,7.3,0,6.88,6.94,6.78
Female,17,84.2,65.0,86.0,2.6,0,9.8,0,7.17,7.14,7.37
Male,22,93.1,80.8,79.4,3.3,1,16.9,3,7.95,7.94,8.06
Female,21,84.5,58.099999999999994,74.4,3.7,0,18.8,1,6.09,6.04,5.92
Female,17,75.8,93.80000000000001,71.7,2.8,1,13.0,0,8.55,9.54,9.23
Male,20,88.0,56.8,92.7,2.9,0,7.3,0,5.19,4.96,5.01
Male,20,79.6,68.4,85.0,4.8,5,12.3,0,6.86,7.45,7.24
Female,21,77.8,72.2,89.2,4.5,5,12.8,0,6.47,6.84,6.79
Female,20,81.9,64.9,64.4,2.5,3,13.2,0,6.48,6.33,6.46
Female,18,64.1,68.0,74.6,4.8,3,8.4,0,6.13,5.96,6.08
Male,20,83.1,50.0,49.6,4.4,1,11.8,0,4.19,4.08,4.29
Male,17,81.1,79.6,76.7,4.0,2,3.5,2,8.01,9.68,8.95
Female,19,100.0,71.6,78.4,2.6,4,5.8,0,6.81,6.68,6.79
Female,17,69.8,84.0,70.0,4.5,2,7.5,0,7.93,8.17,8.05
Female,21,92.6,83.2,97.2,4.8,4,9.4,0,8.04,8.18,8.3
Female,18,77.8,83.9,72.7,4.9,3,11.7,0,8.13,8.32,8.45
Female,19,94.9,85.39999999999999,69.5,4.9,2,13.3,0,8.61,9.06,9.09
Female,20,79.0,72.2,55.3,3.4,2,10.4,1,7.34,7.36,7.42
Male,22,73.5,76.0,40.0,3.1,1,20.3,1,7.21,7.5,7.59
Female,18,75.5,96.0,86.2,4.7,3,11.1,2,9.97,9.63,9.69
Male,19,78.9,68.7,62.3,3.6,5,12.9,0,7.53,6.87,7.12
Female,22,71.3,98.80000000000001,85.9,3.4,3,12.4,1,9.95,10.0,9.98
Female,22,97.7,83.80000000000001,78.5,3.5,5,13.9,0,8.43,8.08,8.47
Male,20,100.0,82.2,75.9,3.8,0,11.2,0,8.15,7.75,7.95
Male,21,83.4,52.1,64.7,2.6,4,12.5,0,4.86,5.18,4.97
Female,17,89.9,56.4,88.0,4.6,3,10.1,0,4.8,4.34,4.47
Male,21,95.4,56.8,41.0,4.6,3,9.8,1,4.83,4.77,4.94
Male,22,66.3,70.3,77.3,3.8,1,13.8,0,5.59,5.43,5.56
Female,22,75.2,75.7,80.4,4.3,1,11.5,0,7.02,7.36,7.3
Male,20,79.1,77.69999999999999,83.6,3.5,2,3.8,1,7.78,8.36,8.06
Female,21,77.9,71.5,65.6,3.5,5,16.6,0,7.59,7.21,7.33
Female,22,88.2,71.0,73.9,2.9,0,9.9,1,6.14,6.37,6.5
Female,22,85.2,77.69999999999999,83.3,4.1,4,17.9,0,7.29,7.1,7.38
Female,19,92.8,81.6,77.8,3.9,5,11.0,1,6.98,6.63,6.76
Female,21,88.1,74.3,89.6,3.8,0,14.7,0,6.35,6.41,6.47
Male,18,76.4,90.39999999999999,87.5,4.9,5,14.3,0,8.49,8.93,8.98
Female,18,95.7,66.2,79.3,4.8,5,13.8,0,5.84,6.12,5.87
Male,20,73.4,71.6,71.4,4.4,0,7.2,1,6.86,6.66,6.86
Male,20,100.0,69.2,67.7,2.6,1,10.5,1,6.47,6.51,6.6
Female,17,65.9,90.8,75.9,2.5,0,10.4,1,8.84,8.92,8.75
Female,17,99.9,75.5,80.3,3.2,2,7.9,2,7.82,8.26,7.93
Female,19,84.0,67.8,80.2,3.1,3,13.9,0,6.52,6.26,6.46
Male,18,81.3,50.0,70.5,3.3,4,14.7,0,4.0,4.24,4.22
Female,21,78.9,80.5,69.5,3.4,5,9.2,0,7.66,7.82,7.79
Male,18,80.8,63.7,82.3,4.1,1,14.1,1,6.01,5.71,5.77
Male,21,70.3,69.0,86.7,4.2,3,14.1,1,6.15,6.12,6.09
Male,20,98.3,60.599999999999994,85.7,2.7,4,14.4,0,6.42,6.36,6.48
Male,18,100.0,67.6,56.6,3.3,3,4.5,0,6.37,6.64,6.6
Female,20,89.3,77.69999999999999,90.3,4.4,2,14.7,0,7.21,7.67,7.6
Male,20,96.8,60.9,95.0,4.2,2,18.1,0,5.06,4.95,4.95
Male,17,92.2,62.400000000000006,84.1,4.1,3,8.8,0,6.39,6.6,6.46
Female,21,76.5,90.0,84.4,3.3,2,11.8,0,8.26,9.12,8.74
Female,22,86.9,87.10000000000001,59.9,4.9,2,18.5,0,9.49,8.92,9.25
Female,19,83.3,84.3,80.3,3.2,1,9.1,0,8.53,8.75,8.77
Female,20,95.6,79.4,76.8,3.2,0,14.6,0,7.17,7.17,7.21
Male,20,76.0,89.1,83.0,3.4,4,19.8,0,8.83,9.19,9.08
Female,21,76.3,85.60000000000001,83.7,2.8,2,6.8,0,7.98,8.55,8.41
Female,17,85.8,81.6,64.7,3.9,5,12.1,0,7.18,7.88,7.65
Female,19,82.9,67.5,71.5,2.9,0,11.9,0,6.69,7.3,7.16
Male,21,72.9,62.1,95.1,4.2,5,8.2,0,6.18,5.9,6.05
Female,19,74.7,88.2,87.7,4.4,1,12.0,1,9.16,8.79,8.99
Female,18,100.0,62.800000000000004,70.7,2.8,5,13.7,2,6.05,5.76,6.0
Male,21,100.0,77.4,64.2,3.9,2,14.6,1,6.9,7.0,6.94
Male,22,74.1,85.0,86.0,4.7,0,5.8,1,9.09,9.42,9.48
Male,19,71.6,58.6,73.2,4.3,3,3.9,2,6.06,5.75,6.01
Male,21,75.4,94.5,71.6,3.5,2,18.4,2,8.99,8.95,9.04
Male,17,85.8,67.9,73.0,3.3,2,7.0,0,6.6,6.24,6.22
Female,22,67.1,58.7,66.5,4.1,3,19.8,0,5.87,6.02,6.0
Male,18,73.0,92.4,96.7,3.5,1,8.7,0,8.86,9.16,9.02
Female,21,100.0,89.3,77.6,3.4,4,16.1,1,8.32,8.45,8.53
Female,18,86.4,56.1,65.4,2.9,2,11.1,0,4.84,5.14,5.22
Female,19,100.0,70.1,80.9,3.2,5,14.3,2,7.03,6.12,6.52
Female,17,86.3,72.30000000000001,99.6,4.5,3,9.6,0,7.45,8.35,8.0
Male,18,79.5,73.2,85.1,3.5,1,12.8,0,6.82,6.89,6.94
Female,21,89.2,53.7,87.8,4.5,2,17.1,0,5.28,5.57,5.64
Male,20,90.2,73.8,100.0,3.1,0,15.6,0,6.54,6.76,6.73
Female,21,78.9,76.7,94.1,3.1,0,9.6,0,7.59,7.53,7.54
Female,19,80.2,59.900000000000006,73.5,3.8,5,9.8,0,6.33,6.28,6.33
Female,21,73.3,95.3,97.8,4.7,3,14.2,0,9.36,9.53,9.37
Female,17,80.9,76.6,69.5,2.9,5,11.1,0,7.49,7.17,7.24
Male,20,72.2,86.7,49.7,2.7,0,7.5,0,9.36,9.32,9.36
Female,21,74.9,68.8,93.4,3.3,1,14.7,0,6.52,6.53,6.61
Male,22,79.6,81.1,98.2,3.7,3,8.4,1,7.25,7.37,7.37
Female,22,80.0,58.5,78.9,3.0,3,11.8,1,6.26,6.01,6.3
Male,18,67.5,80.19999999999999,80.7,4.7,0,12.6,0,7.64,8.25,7.86
Male,19,90.0,50.0,63.4,2.8,3,18.5,0,4.51,4.14,4.28
Male,17,100.0,53.0,62.4,4.0,1,7.3,0,5.23,6.17,6.05
Male,20,91.8,65.3,74.4,4.5,3,11.4,0,6.77,6.44,6.72
Female,22,88.1,83.2,92.6,3.7,5,10.4,0,7.81,8.05,8.25
Female,21,66.6,74.6,82.7,2.9,5,12.5,0,7.38,7.18,7.06
Male,20,96.9,86.5,75.6,3.0,5,15.7,0,8.54,8.52,8.69
Male,20,88.2,77.30000000000001,59.8,3.2,4,13.1,0,7.12,6.79,7.15
Female,19,98.3,98.0,60.3,2.7,0,6.0,0,9.65,10.0,9.88
Female,18,95.7,82.2,100.0,4.2,3,6.1,0,7.53,8.03,7.93
Female,18,82.7,65.1,66.4,2.8,2,12.0,0,6.89,7.3,7.12
Male,22,77.2,88.0,58.8,4.9,2,10.3,0,8.51,8.77,8.79
Female,17,92.3,63.2,71.6,4.2,3,14.1,0,6.93,6.24,6.51
Female,18,100.0,63.6,65.0,3.5,0,15.1,0,6.46,6.31,6.37
Female,17,92.4,80.1,78.2,4.6,5,6.0,0,7.23,6.93,7.06
Male,22,76.9,61.6,78.1,3.3,5,12.9,1,6.16,6.48,6.45
Male,17,76.7,76.8,79.4,3.3,2,20.9,0,7.48,7.44,7.41
Male,18,88.7,78.7,89.3,4.4,4,7.0,1,7.6,7.84,7.9
Male,17,93.7,61.3,84.8,4.7,4,11.2,1,6.83,6.48,6.59
Male,21,86.8,89.80000000000001,82.2,3.8,1,8.6,0,9.42,9.46,9.53
Male,19,93.4,89.60000000000001,87.7,3.4,1,13.4,0,9.06,9.53,9.38
Male,19,95.7,92.4,64.0,4.9,1,8.7,0,8.78,9.42,9.28
Male,21,85.4,57.800000000000004,59.2,3.4,2,2.0,1,6.05,7.45,7.25
Male,17,83.2,73.7,86.9,3.5,5,18.8,0,6.86,7.19,7.16
Male,18,95.7,60.599999999999994,47.2,3.1,0,12.3,0,6.69,7.11,6.99
Female,18,80.4,73.1,70.6,3.0,4,6.6,0,6.75,7.06,7.02
Female,17,86.7,63.099999999999994,72.8,3.8,1,7.1,0,5.37,5.24,5.35
Female,17,97.5,69.6,66.7,4.2,1,4.1,0,6.9,6.99,7.03
Female,21,84.9,65.19999999999999,84.9,3.8,0,13.2,0,6.04,6.41,6.26
Male,20,95.0,69.0,65.6,2.7,3,9.0,0,5.81,6.1,5.85
Female,21,72.7,50.099999999999994,74.0,2.8,4,7.8,0,4.28,4.57,4.45
Male,20,88.2,64.4,77.2,2.7,4,17.2,2,6.53,6.47,6.55
Male,21,82.6,75.1,71.1,4.4,0,9.4,0,6.86,6.4,6.43
Female,20,72.8,76.9,64.3,3.3,5,14.1,0,7.82,8.24,8.03
Male,17,89.2,64.7,76.2,3.4,3,10.0,0,6.22,6.17,6.21
Female,20,81.0,60.8,70.2,5.0,5,13.1,0,5.54,6.11,5.84
Male,20,89.9,89.2,80.8,2.7,5,7.0,0,8.17,7.88,7.97
Female,17,97.4,79.6,63.4,3.0,0,10.8,0,8.25,7.8,8.14
Female,21,93.3,88.10000000000001,69.4,3.0,1,17.6,0,8.54,9.16,8.88
Male,18,81.3,73.2,58.3,3.5,2,14.4,0,6.89,6.67,6.78
Female,20,82.8,70.5,66.3,4.8,4,14.7,0,6.45,6.61,6.69
Female,20,71.1,76.9,61.8,4.4,4,6.1,0,7.97,8.17,7.98
Female,17,83.0,78.60000000000001,77.1,3.6,5,13.2,0,7.61,6.83,7.11
Male,22,86.4,85.19999999999999,83.3,3.4,5,14.3,0,8.12,8.62,8.63
Male,20,92.1,80.19999999999999,79.6,3.5,3,11.5,0,7.54,8.29,8.04
Male,20,98.3,58.099999999999994,82.0,3.9,2,9.1,0,6.11,5.87,5.83
Female,20,84.1,74.0,81.6,3.7,3,12.2,1,7.67,7.63,7.52
Male,19,82.4,71.0,86.5,3.9,3,13.8,0,7.24,7.95,7.84
Female,22,92.6,75.7,79.7,3.4,2,9.7,1,7.47,7.43,7.4
Female,18,88.8,89.80000000000001,67.8,4.6,5,2.4,0,9.05,9.32,9.24
Female,17,72.2,81.19999999999999,65.0,3.8,0,7.3,0,8.18,8.24,8.23
Male,17,96.2,77.2,66.2,4.9,3,19.6,1,7.54,7.95,7.79
Male,22,88.6,78.7,52.3,3.9,5,7.4,0,7.84,8.08,8.04
Female,18,88.6,77.30000000000001,81.1,3.0,4,17.8,0,8.21,8.97,9.06
Male,21,73.8,77.9,50.0,3.0,4,9.9,0,7.84,8.71,8.38
Female,22,68.1,69.3,51.3,4.8,0,15.0,2,5.7,5.81,5.6
Female,19,81.8,94.7,79.3,3.7,5,21.6,0,9.46,8.48,8.78
Female,22,80.1,82.6,75.3,4.4,0,6.4,0,7.57,7.75,7.72
Female,21,79.2,69.2,83.4,3.6,2,11.8,0,6.44,5.8,6.13
Female,17,78.2,71.2,65.6,4.4,4,11.0,2,7.72,8.14,8.12
Male,18,70.8,61.2,40.9,4.4,5,8.1,2,5.34,5.43,5.36
Female,18,87.0,84.2,55.6,3.4,0,13.2,1,8.57,9.8,9.41
Female,21,88.9,66.10000000000001,77.2,4.2,2,12.5,0,6.76,7.44,7.29
Male,19,94.6,72.2,84.0,4.1,4,13.1,0,6.52,6.37,6.47
Male,20,88.0,60.7,87.6,3.0,4,11.3,0,6.68,6.6,6.67
Male,21,81.4,50.9,70.3,3.0,5,10.8,1,5.73,5.07,5.45
Female,17,82.8,85.3,76.0,3.5,1,11.3,2,8.41,8.07,8.36
Female,22,83.9,77.69999999999999,89.8,4.4,2,7.9,2,7.87,7.73,7.8
Female,19,85.7,57.0,65.7,3.3,0,16.8,0,5.25,5.27,5.32
Male,18,96.5,65.7,93.7,3.6,4,5.9,1,6.25,5.59,5.8
Female,17,74.6,67.69999999999999,73.4,4.0,1,18.7,0,7.07,6.88,7.14
Male,17,82.6,75.0,87.8,2.6,5,17.1,0,7.27,7.51,7.55
Male,20,85.0,82.4,94.7,4.5,3,11.5,0,8.59,8.85,8.79
Female,19,79.9,77.9,74.3,2.7,1,16.5,0,8.09,8.1,8.18
Female,19,80.2,67.2,76.0,4.9,5,4.6,0,6.58,6.51,6.65
Female,21,82.0,72.0,86.8,3.7,4,9.2,0,6.76,6.47,6.58
Male,17,89.9,74.9,78.7,2.9,1,11.6,1,7.78,7.99,7.9
Male,21,76.5,68.0,69.3,3.7,0,13.4,0,6.39,6.46,6.51
Male,19,87.6,90.39999999999999,45.9,3.7,3,15.6,1,8.71,9.25,8.95
Female,20,54.9,81.89999999999999,77.9,3.2,4,7.6,0,8.05,7.9,8.03
Female,20,56.5,64.7,61.5,2.7,2,11.4,0,6.49,6.61,6.66
Male,21,100.0,69.2,78.9,3.8,0,4.8,0,6.72,7.29,7.0
Female,20,90.2,97.4,80.0,3.8,0,17.1,0,9.24,8.71,8.8
Female,22,99.4,70.8,92.4,3.9,5,11.7,0,6.59,6.97,6.88
Female,21,69.6,77.0,100.0,3.6,5,12.3,1,7.74,7.92,7.78
Female,17,87.3,87.4,65.0,2.7,1,17.7,0,9.04,9.03,9.14
Female,21,82.1,74.3,80.9,3.3,0,19.8,0,7.37,7.42,7.38
Male,18,71.4,62.0,50.7,3.0,2,11.6,0,5.97,6.22,6.38
Male,18,69.9,88.9,86.7,4.0,2,13.0,0,8.39,9.09,8.95
Female,19,90.1,69.80000000000001,57.2,2.8,0,11.2,2,7.38,6.87,6.97
Male,20,86.3,63.2,65.5,3.0,5,18.6,0,5.76,5.34,5.35
Female,18,78.7,83.80000000000001,72.6,3.2,1,10.1,0,8.43,8.68,8.59
Female,21,95.1,61.5,88.5,2.7,5,5.1,0,5.49,5.28,5.49
Male,21,79.0,85.8,95.4,4.2,4,10.4,3,8.72,8.36,8.59
Female,17,87.0,80.7,67.3,3.9,3,11.2,0,6.99,7.47,7.36
Male,20,100.0,87.30000000000001,67.2,3.1,0,12.1,0,8.06,7.94,7.81
Female,17,85.5,72.0,54.9,2.8,2,9.6,1,7.16,7.5,7.49
Female,21,88.1,65.1,78.3,4.1,3,16.8,0,6.05,6.16,6.09
Female,19,87.2,54.1,68.4,3.9,0,13.6,1,4.82,4.0,4.5
Female,17,88.0,65.7,76.9,4.1,2,12.7,0,6.07,6.01,5.99
Male,21,70.7,76.8,82.0,4.6,3,9.5,1,7.65,8.09,7.84
Female,17,76.0,63.4,88.0,4.6,3,15.8,3,6.38,6.91,6.68
Male,18,88.5,73.5,85.2,2.6,3,16.3,1,6.92,6.75,6.83
Female,21,74.4,50.0,77.4,3.3,0,14.4,0,4.62,4.0,4.32
Female,19,74.1,90.1,86.4,3.2,5,9.0,0,8.62,8.76,8.7
Female,18,67.2,50.0,77.7,4.6,2,9.8,0,5.39,5.38,5.38
Male,17,90.0,58.7,77.7,2.8,4,11.1,0,6.26,6.01,6.14
Male,21,89.8,93.0,69.1,3.0,4,10.0,0,9.67,9.89,9.85
Male,19,87.9,61.1,59.0,4.0,2,15.0,0,6.61,7.05,7.05
Male,18,79.2,61.1,85.2,4.9,0,13.7,0,6.07,6.68,6.64
Male,19,90.4,85.1,81.2,2.6,1,14.6,0,8.53,8.07,8.36
Male,21,73.1,78.4,64.9,3.1,1,14.2,0,7.85,7.72,7.88
Male,18,85.0,79.7,63.5,3.1,5,13.9,0,7.33,7.11,7.32
Female,20,63.3,60.7,63.5,3.9,4,6.6,0,5.76,6.01,6.03
Female,22,87.7,82.89999999999999,74.2,4.2,4,8.3,0,7.79,7.82,7.75
Female,22,80.8,79.1,79.2,3.0,2,8.4,0,7.47,8.0,7.91
Male,20,100.0,89.2,88.7,4.1,0,15.9,0,8.66,8.96,8.81
Female,20,92.4,67.30000000000001,77.6,4.8,5,10.8,0,6.01,6.89,6.45
Female,19,79.0,79.4,82.0,3.1,4,11.5,2,7.62,8.28,8.18
Male,19,93.7,63.4,74.0,4.1,4,10.8,0,5.87,6.23,6.04
Male,19,100.0,64.2,77.6,2.5,3,11.0,1,6.44,6.88,6.64
Female,17,99.5,75.19999999999999,67.8,3.2,0,10.8,1,6.95,6.96,6.87
Female,19,100.0,68.2,85.0,2.7,0,14.9,0,6.69,6.71,6.86
Male,21,95.2,86.0,69.5,4.1,4,7.7,0,8.67,7.9,8.19
Female,20,86.6,71.7,90.5,4.5,4,15.7,0,7.08,7.83,7.74
Male,20,74.1,72.0,70.9,3.0,4,14.0,1,7.03,6.32,6.73
Male,19,79.9,75.7,71.3,3.6,4,11.0,0,7.37,7.29,7.52
Female,21,76.1,84.3,79.3,3.0,1,17.0,0,8.78,9.05,8.84
Male,20,79.6,79.6,85.1,3.6,0,6.2,0,7.73,7.02,7.01
Female,22,93.1,76.5,72.3,4.3,0,17.6,0,6.75,6.84,6.68
Male,17,82.7,72.0,82.5,4.9,1,20.9,0,7.28,7.25,7.2
Female,20,87.5,65.4,92.8,3.1,4,10.9,0,6.7,6.74,6.7
Male,19,100.0,64.7,75.4,5.0,2,7.1,0,6.75,7.04,6.87
Female,20,93.2,63.4,83.3,4.0,3,16.4,1,6.02,5.89,6.11
Female,22,78.0,62.599999999999994,83.0,3.1,4,9.4,0,5.26,5.33,5.36
Male,22,94.5,81.30000000000001,72.7,4.5,5,11.2,0,7.99,7.9,7.86
Female,17,70.5,83.0,81.9,3.5,2,11.5,1,8.39,8.87,8.74
Male,21,78.9,82.10000000000001,79.9,3.2,5,13.4,2,9.2,9.77,9.66
Female,19,86.1,87.10000000000001,81.2,2.5,2,3.9,0,9.57,9.75,9.67
Male,19,100.0,75.19999999999999,60.7,4.1,0,11.8,0,7.47,7.95,7.74
Male,19,85.3,58.6,83.4,4.5,2,2.0,1,5.72,5.88,5.75
Female,18,76.3,76.2,88.2,4.6,4,11.0,0,7.3,7.24,7.24
Male,19,87.9,57.0,90.4,4.5,4,14.6,0,4.87,5.24,5.19
Female,22,75.1,78.0,60.8,4.3,2,11.0,1,7.61,7.32,7.51
Male,22,85.2,50.0,84.4,4.6,5,2.0,0,4.39,4.6,4.59
Male,22,68.1,63.3,100.0,3.1,5,10.8,1,5.08,5.11,5.11
Female,21,81.0,73.60000000000001,78.2,2.9,2,4.4,0,6.97,7.26,7.0
Male,19,64.5,83.9,81.1,3.4,2,11.8,0,8.06,7.52,7.66
Male,18,91.5,92.10000000000001,70.0,3.3,2,6.4,1,9.16,9.38,9.32
Female,18,98.2,64.5,82.5,2.8,1,10.9,0,5.83,5.92,5.92
Male,18,87.4,76.0,84.6,3.2,0,16.0,3,8.04,8.49,8.25
Female,17,90.9,82.4,52.1,2.9,4,12.4,0,8.72,8.56,8.57
Male,22,85.8,83.2,73.3,4.1,2,11.4,0,8.82,8.7,8.82
Male,21,58.8,100.0,81.4,3.9,3,12.6,0,10.0,10.0,10.0
Male,18,83.6,69.3,65.1,3.1,1,6.5,0,6.37,6.55,6.52
Male,22,86.5,68.7,100.0,3.9,3,17.4,0,6.37,6.06,6.06
Male,20,89.3,66.8,86.6,2.8,2,13.8,0,6.08,5.84,6.0
Male,20,91.3,69.3,65.7,4.8,4,18.4,0,6.32,5.93,6.04
Female,22,83.8,62.199999999999996,74.9,3.5,3,16.8,1,5.69,5.63,5.58
Male,21,74.7,70.5,82.7,3.0,1,15.7,0,6.98,6.75,6.81
Female,20,98.3,84.9,76.9,3.9,1,10.3,1,7.72,8.36,8.31
Female,22,100.0,78.7,82.0,2.9,4,17.7,1,7.45,7.65,7.49
Female,20,83.6,88.2,48.7,4.0,2,15.9,0,8.86,8.96,9.08
Female,21,94.8,58.2,82.0,2.7,4,11.2,0,6.49,7.01,6.8
Female,18,71.7,70.4,80.2,4.6,1,18.1,1,7.02,7.25,7.07
Male,19,83.0,87.69999999999999,74.4,2.9,0,14.0,0,8.51,8.73,8.62
Female,19,82.6,63.7,88.4,4.5,4,9.1,1,4.76,4.46,4.41
Male,22,70.3,58.5,91.5,3.4,4,12.5,0,5.05,5.5,5.41
Male,19,83.5,81.8,94.6,4.1,0,12.3,0,7.81,7.07,7.42
Male,19,83.9,81.8,67.1,2.6,3,11.8,1,8.34,9.69,9.34
Male,20,76.5,69.9,69.6,3.7,0,8.1,0,6.37,6.89,6.8
Male,20,77.7,73.3,94.2,2.5,2,14.9,0,7.17,7.07,6.93
Male,20,100.0,76.9,79.8,2.7,0,5.6,0,7.38,8.39,7.96
Female,21,74.7,69.7,90.5,4.2,2,12.1,0,7.14,7.46,7.46
Male,20,100.0,100.0,66.8,3.9,0,8.5,0,10.0,10.0,10.0
Female,18,93.3,87.89999999999999,50.1,3.6,0,11.9,1,8.95,9.19,9.18
Female,17,82.3,60.4,61.5,3.8,5,15.8,0,5.65,5.62,5.53
Female,18,92.4,72.5,75.4,5.0,1,18.4,0,6.46,6.47,6.56
Male,19,69.4,77.4,76.2,4.7,3,18.2,0,7.58,7.28,7.43
Male,22,85.8,62.199999999999996,86.5,4.9,3,21.3,0,6.06,5.87,5.78
Female,21,77.9,58.3,95.4,2.6,0,6.9,0,5.21,5.0,5.11
Male,17,95.3,81.0,78.0,4.3,2,12.3,2,7.39,7.51,7.4
Male,18,85.8,69.2,100.0,4.1,4,14.6,0,6.71,7.48,7.2
Female,17,69.2,84.80000000000001,58.4,4.9,2,10.3,0,8.15,8.22,8.3
Male,19,78.2,71.7,74.8,2.7,0,14.4,2,7.3,7.57,7.6
Male,18,88.9,80.39999999999999,56.0,4.6,3,12.2,1,7.49,7.33,7.36
Female,17,90.4,87.4,70.1,3.9,0,15.2,1,7.95,8.96,8.57
Female,21,90.2,68.60000000000001,64.6,3.9,4,12.0,0,6.57,6.22,6.4
Male,22,64.3,73.89999999999999,75.2,4.4,4,8.5,0,7.89,7.68,7.67
Male,22,88.1,59.699999999999996,70.0,4.2,1,8.0,0,5.12,4.48,4.71
Female,20,85.2,77.6,69.6,4.8,0,8.9,0,6.86,6.81,6.88
Female,18,75.8,95.8,67.4,3.0,4,11.8,1,8.46,8.39,8.55
Female,18,81.6,64.80000000000001,86.1,2.8,5,13.1,0,6.2,7.25,7.02
Male,21,96.6,68.89999999999999,62.7,2.8,2,12.2,0,6.6,6.86,6.84
Male,21,90.0,78.5,68.9,3.0,4,12.1,1,6.49,6.5,6.44
Male,20,100.0,62.1,69.9,4.5,3,13.7,0,6.91,7.21,7.04
Male,22,82.4,78.7,99.8,4.1,3,14.7,0,7.54,7.6,7.53
Female,19,92.5,82.89999999999999,86.7,3.2,5,11.9,0,8.5,8.77,8.62
Male,19,79.6,69.4,57.2,3.1,0,8.7,0,6.54,5.99,6.41
Female,18,97.5,65.7,78.3,3.3,5,13.7,1,6.92,6.8,6.74
Male,21,92.2,90.5,100.0,4.1,5,14.1,0,8.66,8.17,8.24
Female,18,77.2,75.9,67.3,4.2,0,14.6,1,8.2,8.47,8.29
Female,21,98.6,67.69999999999999,85.9,3.9,2,9.3,0,7.27,7.9,7.71
Male,22,85.8,84.1,83.4,2.7,3,13.1,0,8.64,8.96,8.86
Female,22,95.8,73.5,64.8,3.1,1,15.9,0,6.78,6.77,6.93
Male,17,76.9,77.30000000000001,67.1,4.9,5,11.0,1,6.77,6.78,6.79
Female,17,90.4,77.69999999999999,60.6,4.9,2,12.7,1,7.09,7.27,7.24
Male,17,79.8,77.6,80.7,3.3,1,5.0,0,7.69,8.27,8.03
Male,19,80.0,68.8,65.4,4.5,2,13.7,0,6.53,6.21,6.39
Female,21,68.0,68.3,71.0,5.0,3,18.7,0,6.49,5.71,5.8
Female,17,85.3,82.4,79.5,4.8,5,13.6,0,8.22,8.1,8.26
Male,19,68.7,64.1,53.3,4.9,2,10.9,0,6.24,5.97,6.07
Male,22,70.0,91.4,71.4,4.3,2,4.6,0,8.53,8.19,8.33
Female,17,89.3,83.9,100.0,4.9,2,3.0,2,8.49,8.37,8.38
Female,20,78.8,64.1,95.2,4.8,5,12.1,2,5.77,6.41,6.08
Female,20,71.7,50.0,66.6,3.1,2,12.6,2,4.85,5.01,4.85
Male,20,93.0,77.9,83.8,2.7,5,12.2,0,7.18,6.8,6.92
Female,19,90.3,76.10000000000001,64.8,4.1,4,12.0,0,7.31,7.86,7.66
Female,17,79.8,65.8,85.5,4.4,5,9.5,0,5.86,5.73,5.69
Female,17,85.3,60.7,86.1,4.8,3,11.6,0,6.35,6.44,6.37
Male,21,67.3,66.8,67.6,2.6,2,6.7,0,6.88,7.26,7.11
Female,17,84.4,89.2,79.1,3.0,0,11.8,0,8.29,8.17,8.32
Female,22,82.8,58.8,96.2,4.8,2,20.0,0,6.25,7.03,6.69
Female,20,94.8,91.8,67.5,3.6,4,10.9,0,8.96,9.32,9.34
Female,18,77.5,51.4,74.7,4.5,5,13.6,0,5.35,6.06,5.89
Female,19,81.3,69.0,73.0,3.6,3,18.5,0,6.46,7.0,7.05
Male,22,89.5,76.0,75.4,3.8,2,14.1,0,7.34,7.16,7.21
Female,19,80.9,87.30000000000001,70.5,3.0,5,20.3,0,8.47,8.31,8.18
Male,17,100.0,83.4,81.4,4.4,5,14.9,1,8.17,8.08,8.23
Female,19,74.5,50.0,72.3,4.8,4,11.4,0,5.12,5.32,5.41
Male,17,69.8,81.1,82.5,3.4,1,14.5,0,6.78,6.58,6.61
Female,17,92.5,67.6,64.7,3.8,1,9.6,1,6.47,6.53,6.67
Male,18,77.5,90.8,77.5,4.9,5,13.8,0,9.53,9.21,9.31
Female,19,72.7,86.4,95.3,3.6,3,18.7,1,8.26,7.69,8.12
Male,21,89.7,69.1,90.9,4.1,1,17.8,0,6.34,6.41,6.27
Female,19,85.8,87.6,74.6,3.7,2,15.1,0,8.25,8.65,8.55
Female,17,91.9,88.10000000000001,83.3,2.8,4,10.3,0,8.66,8.62,8.63
Male,21,75.2,51.5,67.0,3.8,2,12.8,0,5.9,6.41,6.44
Female,19,88.9,89.0,66.3,3.6,5,20.8,0,8.58,9.15,9.15
Female,18,79.5,72.0,66.0,3.4,0,13.5,0,7.2,7.19,7.24
Male,22,89.6,72.69999999999999,73.8,2.6,1,13.9,0,6.91,7.18,7.15
Female,21,72.3,70.5,85.8,4.5,3,12.2,0,7.18,7.99,7.86
Male,19,85.9,68.89999999999999,44.4,2.7,2,8.3,2,6.1,6.07,5.94
Female,18,75.6,80.7,95.6,4.7,4,11.6,0,7.46,7.71,7.59
Female,22,93.6,76.8,78.6,4.4,3,10.8,0,6.75,6.71,6.78
Male,17,92.9,68.3,41.0,3.3,1,17.4,0,6.33,7.06,6.99
Male,20,94.4,72.9,76.0,4.6,1,5.3,0,6.94,7.44,7.3
Female,17,98.8,66.9,74.3,5.0,5,8.3,1,6.49,6.0,6.15
Female,22,70.6,83.3,83.6,3.1,2,12.7,0,8.5,9.6,9.27
Male,21,78.6,100.0,59.2,4.5,4,12.1,0,9.98,9.88,9.85
Female,19,81.6,62.9,75.6,4.8,1,9.7,0,5.72,6.32,6.1
Male,19,72.3,73.0,75.8,2.9,4,5.0,0,7.96,8.27,8.16
Male,17,77.5,73.7,82.4,2.5,1,9.6,0,7.13,7.09,6.93
Male,18,94.7,78.60000000000001,65.7,4.5,3,19.6,2,7.7,7.39,7.61
Male,19,89.0,79.7,69.9,4.6,4,11.1,2,7.96,8.28,8.02
Female,20,80.7,95.7,65.8,4.2,4,9.6,0,9.15,8.76,8.7
Male,21,82.7,76.6,74.4,4.1,0,11.8,1,7.27,7.14,7.19
Male,19,90.8,91.89999999999999,67.5,2.9,3,12.4,0,9.0,8.51,8.53
Female,21,88.7,70.4,77.4,2.8,3,7.0,3,6.83,6.91,6.79
Female,21,98.9,58.7,72.7,3.2,0,7.8,1,5.41,5.85,5.74
Male,19,90.2,63.2,58.1,2.7,5,9.1,2,7.11,7.29,7.1
Male,20,100.0,73.0,83.4,3.0,3,8.7,0,7.33,7.29,7.34
Female,18,92.0,60.199999999999996,66.8,2.6,4,15.4,0,5.18,5.22,5.3
Male,18,83.9,98.3,54.0,3.6,3,12.4,0,9.78,9.94,9.89
Male,17,83.9,100.0,71.9,2.9,4,13.5,0,10.0,10.0,10.0
Male,19,62.0,70.7,100.0,3.0,1,11.1,2,7.42,8.1,7.93
Male,19,76.6,50.0,83.2,4.0,5,11.4,0,4.38,4.49,4.51
Male,19,73.9,89.39999999999999,67.8,4.1,4,5.3,0,8.82,9.46,9.26
Female,17,83.8,61.8,84.8,2.7,2,14.7,0,6.87,6.48,6.58
Male,22,88.6,60.599999999999994,57.1,3.1,4,3.5,1,7.32,7.02,7.06
Female,18,79.3,77.9,69.4,3.0,5,8.4,0,8.38,7.59,7.83
Female,21,82.0,67.4,89.9,3.2,4,16.9,0,6.26,6.12,6.13
Male,21,78.0,67.2,70.4,4.1,5,6.6,1,7.13,6.58,6.83
Male,21,76.8,78.89999999999999,46.2,3.2,4,17.6,0,6.95,7.72,7.42
Male,18,76.7,50.0,70.8,4.8,5,6.4,0,4.08,4.36,4.4
Female,21,69.3,88.0,75.5,3.5,0,16.4,0,8.52,9.04,8.81
Male,17,81.1,72.9,40.2,3.5,0,8.9,2,7.98,8.58,8.45
Female,22,82.7,64.3,84.6,4.7,1,4.5,0,6.55,6.21,6.48
Female,21,86.6,82.69999999999999,76.0,3.5,5,16.0,2,7.26,7.83,7.71
Male,20,75.3,65.4,76.2,3.9,5,2.7,1,6.95,6.42,6.75
Female,22,100.0,59.1,84.3,2.7,2,10.8,0,5.51,5.81,5.83
Female,18,79.0,89.0,55.0,3.0,5,6.0,0,8.77,8.88,8.81
Female,19,93.1,81.4,85.3,4.9,3,18.9,0,7.45,7.22,7.54
Male,22,85.3,58.5,91.4,4.3,0,12.5,0,5.82,5.68,5.86
Male,20,85.0,83.2,49.2,2.9,3,13.2,1,7.52,7.72,7.74
Female,20,75.0,94.5,98.9,3.5,1,13.6,1,8.85,8.97,9.01
Female,21,81.1,81.5,78.7,2.8,1,15.8,0,7.34,7.79,7.69
Female,22,96.5,60.4,80.6,3.3,2,7.3,0,5.37,5.25,5.3
Female,20,93.4,71.10000000000001,56.0,3.3,1,16.4,0,6.82,7.11,6.96
Female,21,100.0,77.30000000000001,73.2,4.8,4,15.9,1,8.78,8.77,8.77
Male,19,86.2,87.89999999999999,56.9,2.6,1,11.8,0,8.38,7.83,8.0
Female,17,90.0,64.3,57.9,3.3,2,12.3,0,6.64,7.07,7.06
Female,18,97.2,100.0,70.7,2.6,1,17.2,0,10.0,9.64,9.71
Male,17,98.8,87.2,70.6,4.4,2,15.4,0,8.56,9.07,9.2
Female,21,91.0,75.6,83.7,4.0,3,8.4,1,7.34,7.11,7.33
Male,18,93.7,69.0,81.9,4.8,2,6.0,0,7.55,7.34,7.32
Female,18,76.0,59.0,91.0,2.6,1,12.2,1,5.46,6.05,5.9
Female,21,84.0,71.0,71.3,2.7,3,5.8,2,7.03,7.11,7.19
Female,19,85.9,73.0,64.5,4.8,3,18.6,0,8.37,8.56,8.46
Male,17,79.1,77.8,61.4,4.3,3,13.4,0,8.75,8.51,8.68
Female,18,77.7,87.5,59.8,2.9,1,9.0,0,8.74,9.17,8.98
Female,17,90.5,70.9,73.6,4.0,0,12.6,0,7.66,7.45,7.67
Female,20,100.0,65.19999999999999,57.5,2.8,4,12.1,1,7.23,7.01,7.0
Female,19,95.9,68.1,75.5,3.6,4,15.8,0,6.6,6.97,6.94
Male,17,82.8,75.8,70.5,3.9,3,10.5,0,6.66,6.45,6.47
Male,19,92.2,80.39999999999999,73.1,3.1,5,8.3,0,7.91,8.36,8.12
Female,20,69.7,94.0,67.7,3.6,2,14.8,0,8.24,8.19,8.11
Male,20,88.4,71.8,73.1,4.0,0,7.2,0,7.46,7.44,7.31
Male,19,100.0,74.3,66.0,4.6,4,16.5,0,7.42,7.95,7.7
Female,17,78.3,86.5,42.4,3.5,3,11.4,0,8.3,8.26,8.25
Female,21,74.0,100.0,97.4,4.1,2,18.3,0,9.19,9.26,9.2
Male,18,94.8,76.5,69.3,3.3,0,6.8,0,7.46,7.08,7.21
Female,19,98.7,89.39999999999999,74.6,4.3,2,5.2,1,8.71,8.24,8.47
Female,18,93.3,67.4,78.5,3.5,1,10.5,0,6.43,6.92,6.73
Female,21,85.5,65.9,79.3,2.8,0,19.1,1,5.86,5.72,5.85
Male,17,90.4,82.69999999999999,54.7,3.2,1,16.0,0,9.39,9.61,9.53
Female,20,62.9,91.7,58.9,4.8,4,10.5,0,8.42,9.09,8.98
Female,18,83.4,78.7,67.8,4.7,4,12.6,0,8.15,8.45,8.35
Male,19,92.4,73.89999999999999,62.0,4.0,4,11.7,1,6.96,6.58,6.75
Female,18,86.1,77.2,86.0,3.0,3,16.1,0,7.0,7.38,7.43
Female,21,81.8,72.1,92.6,4.5,2,13.8,0,7.5,7.23,7.24
Female,22,81.5,68.0,72.3,4.8,4,6.2,0,7.08,7.63,7.29
Female,20,94.8,65.3,85.3,4.2,0,20.3,0,5.94,6.48,6.4
Female,19,100.0,68.7,86.5,3.7,5,11.6,1,6.48,7.1,6.88
Male,20,70.9,68.8,82.4,3.8,4,9.8,0,7.24,7.16,7.19
Female,22,83.9,76.0,83.3,3.4,5,10.2,3,6.94,6.99,6.99
Male,21,83.3,75.4,75.9,4.5,3,5.4,0,6.82,8.03,7.56
Female,22,71.5,83.80000000000001,50.1,3.6,4,11.1,0,7.19,6.69,6.98
Male,22,96.2,68.8,83.2,4.0,0,4.8,0,7.27,7.04,7.11
Female,18,82.4,72.69999999999999,88.4,4.9,4,17.1,1,6.98,7.52,7.41
Female,18,85.6,85.9,75.9,2.7,5,11.0,0,7.72,7.61,7.67
Male,17,89.4,90.19999999999999,74.7,4.4,4,6.3,1,7.85,7.95,7.79
Male,18,78.4,64.2,84.7,2.9,0,4.7,0,6.35,6.58,6.46
Female,19,81.3,81.1,81.3,4.9,3,17.3,0,7.69,7.86,7.88
Male,20,84.0,53.4,79.0,2.8,5,15.9,0,5.82,6.12,6.03
Male,20,73.6,65.1,90.6,2.8,4,12.6,2,6.03,6.33,6.18
Female,22,100.0,91.19999999999999,69.4,4.9,5,11.1,0,8.41,7.92,7.98
Male,22,86.4,71.10000000000001,58.9,4.5,1,10.9,1,5.96,6.01,5.89
Male,21,94.0,84.39999999999999,64.2,2.6,2,10.2,2,7.94,7.14,7.47
Female,21,82.3,86.6,61.8,3.4,3,9.5,0,7.87,8.37,8.17
Female,18,86.2,70.4,59.8,4.8,3,18.1,0,6.27,6.03,6.1
Female,21,90.3,67.0,75.5,3.4,2,10.7,0,5.59,5.94,5.96
Female,21,75.9,72.1,78.5,2.7,3,10.9,0,7.39,7.14,7.22
Male,18,92.0,100.0,72.3,4.5,2,6.4,0,9.85,9.59,9.81
Female,18,91.6,62.699999999999996,79.6,4.3,2,5.0,0,5.61,5.89,5.69
Female,22,95.7,71.9,90.2,2.7,1,14.0,0,6.38,7.05,7.02
Female,19,93.8,65.9,71.3,2.7,3,14.4,1,7.66,6.68,7.07
Female,21,81.5,74.1,70.6,4.0,5,15.2,1,7.04,7.12,7.13
Female,19,77.0,81.89999999999999,80.5,4.0,0,11.1,1,8.02,7.85,8.02
Female,20,75.5,83.4,68.8,3.5,2,7.9,0,7.26,7.29,7.32
Male,19,81.3,56.0,65.2,4.7,0,14.5,0,5.61,5.87,5.74
Female,22,82.2,58.2,73.7,4.4,0,16.4,0,5.47,6.11,5.91
Female,20,99.7,74.7,83.5,3.7,5,14.3,0,7.53,7.58,7.46
Female,22,100.0,69.4,76.9,3.0,3,16.6,0,6.87,6.25,6.46
Male,18,87.5,71.8,56.5,3.8,4,10.8,1,7.75,7.5,7.64
Female,21,82.8,60.9,92.6,4.0,5,9.5,0,5.64,5.5,5.4
Female,18,100.0,59.5,75.7,4.2,0,10.2,0,6.08,5.86,5.99
Male,18,77.1,77.4,83.2,4.0,0,15.9,0,7.92,8.02,8.13
Male,22,100.0,57.699999999999996,72.3,2.5,1,12.2,0,4.76,5.01,4.96
Male,17,78.5,50.4,79.5,4.4,3,17.8,0,4.06,4.34,4.24
Female,22,77.4,65.9,70.3,3.0,3,9.3,1,6.46,6.4,6.45
Male,22,74.0,96.6,64.8,4.1,1,9.3,0,9.74,9.47,9.7
Male,21,87.0,78.1,70.9,4.2,1,13.4,0,7.27,6.86,7.18
Female,22,83.9,78.60000000000001,85.0,5.0,3,9.5,0,8.09,7.11,7.4
Female,22,75.8,60.0,72.4,4.7,1,10.0,0,5.92,6.17,6.13
Female,19,94.4,84.3,75.4,3.1,2,8.4,0,8.07,8.28,8.31
Male,17,84.5,75.19999999999999,76.7,2.9,5,9.1,0,6.43,6.72,6.59
Male,21,82.6,80.60000000000001,81.2,4.3,5,7.7,0,7.3,7.07,7.3
Male,18,83.5,50.0,58.2,2.9,3,16.9,0,4.0,4.28,4.19
Male,17,95.7,92.10000000000001,92.2,3.9,3,13.1,0,9.53,9.6,9.71
Female,18,93.6,81.8,88.0,3.5,5,17.6,0,8.01,7.79,7.87
Female,17,74.6,96.4,95.2,2.7,0,8.5,0,9.75,10.0,9.92
Female,21,88.3,100.0,62.7,4.8,4,11.5,0,10.0,9.73,9.7
Male,19,75.0,63.9,63.5,3.4,2,14.1,0,6.64,6.43,6.51
Female,22,88.7,51.7,46.4,4.7,4,12.3,0,5.77,6.2,6.07
Female,18,88.0,95.0,49.5,3.8,4,13.7,0,10.0,9.98,9.99
Female,19,85.3,50.0,61.0,4.2,1,14.9,1,4.15,4.58,4.45
Male,19,97.0,75.1,75.7,3.2,1,10.9,1,7.8,7.45,7.49
Female,22,91.9,73.89999999999999,69.6,3.2,2,14.2,0,7.47,8.19,8.14
Male,17,82.2,89.80000000000001,63.6,3.8,5,8.4,0,8.35,8.4,8.33
Female,19,92.0,70.5,59.3,3.1,4,4.7,0,7.44,6.97,7.18
Male,18,65.4,57.199999999999996,75.0,3.9,4,9.8,0,5.09,5.41,5.41
Female,20,79.0,57.1,74.9,2.7,4,8.5,1,5.3,4.94,5.1
Female,17,88.9,60.9,86.1,3.3,3,4.9,0,5.57,5.44,5.7
Male,18,76.5,100.0,80.2,4.9,1,8.8,0,10.0,10.0,10.0
Female,19,85.3,54.3,75.3,2.7,1,18.8,1,4.92,5.38,5.18
Male,19,100.0,98.2,78.1,4.7,3,4.1,1,9.6,9.49,9.43
Male,20,89.1,83.0,58.8,3.4,2,10.2,0,8.38,8.19,8.26
Female,19,68.7,77.2,74.5,3.5,4,18.8,0,8.29,8.14,8.21
Male,19,95.1,100.0,60.1,3.1,5,13.8,0,9.44,9.09,9.24
Female,22,70.3,86.4,75.7,2.9,1,14.3,0,8.74,8.37,8.49
Male,22,76.4,64.3,49.7,4.9,0,17.4,0,5.89,6.46,6.41
Female,19,72.1,61.900000000000006,100.0,3.7,1,10.4,0,6.11,6.38,6.25
Female,22,64.7,59.1,75.3,2.8,4,7.5,0,5.32,5.76,5.67
Female,22,84.9,85.5,80.8,3.5,0,11.0,0,8.19,8.12,8.27
Female,19,98.0,86.5,53.5,3.9,4,16.3,0,8.27,8.65,8.42
Male,18,96.7,57.400000000000006,67.0,3.4,1,18.4,0,5.22,6.39,6.04
Female,18,96.2,77.8,81.0,2.5,3,10.6,1,7.68,7.99,7.86
Female,20,84.2,74.3,84.9,2.6,5,11.3,0,8.21,9.07,8.93
Female,21,98.5,75.3,78.9,2.5,5,16.0,0,8.11,7.43,7.56
Male,18,98.1,71.7,66.9,3.4,5,13.6,0,6.28,6.37,6.37
Male,21,90.9,86.5,86.4,3.3,3,16.3,0,8.83,8.72,8.79
Female,17,89.0,84.39999999999999,53.7,2.7,4,11.4,2,8.5,8.88,8.86
Male,17,100.0,91.19999999999999,91.2,3.9,4,17.8,3,9.36,9.75,9.62
Male,21,89.0,74.6,64.8,3.8,4,11.1,0,7.89,7.77,7.85
Male,18,96.4,79.80000000000001,78.7,4.0,2,7.5,0,7.1,6.99,7.11
Female,17,75.2,94.3,89.7,2.7,5,11.0,0,9.66,8.85,9.08
Male,22,92.7,70.0,80.5,3.2,4,5.9,1,6.81,6.87,6.76
Female,17,73.5,86.6,79.8,4.0,4,10.2,0,8.8,8.79,8.82
Female,17,100.0,83.2,93.4,3.9,3,14.4,0,8.24,7.96,8.05
Male,21,82.9,94.3,50.0,3.3,3,15.5,0,9.9,10.0,9.97
Female,21,93.0,99.7,81.7,4.5,0,11.4,0,9.38,9.22,9.28
Female,22,64.0,76.7,52.4,2.9,2,19.1,0,7.57,7.09,7.4
Male,20,91.8,54.400000000000006,100.0,3.2,2,11.7,0,5.13,5.18,5.21
Male,22,82.0,82.6,70.3,3.7,1,12.7,0,7.09,6.8,6.95
Male,17,98.1,63.6,87.7,3.6,3,10.3,1,5.74,6.11,5.98
Female,22,76.6,69.3,74.5,3.5,0,14.3,0,6.78,6.96,7.06
Male,17,84.3,72.8,82.1,4.6,3,12.4,0,6.75,6.61,6.64
Male,19,98.5,50.0,79.7,3.1,3,10.0,0,4.8,5.02,5.03
Male,18,90.9,50.0,91.4,4.5,5,9.0,1,4.36,4.72,4.59
Female,19,64.3,89.0,65.7,3.3,3,10.8,3,8.18,8.5,8.29
Female,20,77.6,73.60000000000001,97.8,3.8,3,11.5,1,6.92,6.92,6.94
Male,22,91.0,91.5,79.3,3.3,5,9.2,0,9.16,9.39,9.31
Male,22,92.3,63.8,75.5,3.9,2,14.7,0,6.04,5.33,5.62
Male,18,85.3,74.0,86.9,4.1,4,11.1,2,7.63,8.44,8.06
Female,21,86.4,75.8,84.8,3.8,1,8.6,0,7.52,8.22,7.89
Male,17,96.5,100.0,70.5,3.5,0,19.0,0,9.84,9.49,9.47
Female,20,96.1,50.0,72.6,2.8,5,24.5,0,4.77,4.85,4.87
Female,21,91.6,62.5,95.3,4.8,3,17.0,0,6.37,6.37,6.43
Male,18,75.7,63.0,83.3,2.6,3,10.2,0,5.67,5.51,5.67
Female,18,78.7,73.60000000000001,75.2,3.6,2,8.3,0,7.05,7.57,7.53
Male,22,92.2,96.8,74.0,4.0,0,14.6,0,10.0,10.0,10.0
Male,22,98.6,73.2,67.1,2.6,3,13.7,2,6.12,6.29,6.18
Male,18,67.8,77.8,85.9,3.5,1,11.1,1,7.05,7.12,7.12
Male,17,92.7,65.7,91.4,2.5,4,12.0,0,5.9,6.5,6.23
Male,20,95.8,87.6,85.4,3.7,4,11.9,0,8.25,7.96,8.1
Male,18,80.8,65.1,62.3,4.4,5,7.4,0,5.93,5.85,5.94
Male,20,89.6,50.0,87.3,4.5,3,17.7,0,4.27,4.0,4.09
Male,21,77.4,77.69999999999999,51.6,4.2,1,17.9,0,7.17,7.41,7.18
Male,18,91.4,73.60000000000001,69.5,4.6,4,13.0,1,7.75,8.01,7.82
Female,18,80.3,100.0,83.7,3.8,5,14.5,2,9.84,10.0,9.95
Female,21,84.6,54.1,75.2,4.4,4,16.8,0,5.64,5.38,5.45
Female,18,74.8,65.1,59.5,4.3,2,15.5,0,5.28,5.18,5.36
Male,22,98.1,85.39999999999999,78.7,4.0,4,11.1,0,7.96,8.33,8.35
Male,20,79.4,87.5,84.2,3.6,2,8.9,0,9.3,9.48,9.46
Female,17,81.1,52.1,80.6,4.6,4,19.9,1,5.3,5.56,5.6
Male,22,89.0,71.2,65.4,4.7,5,14.1,0,7.15,7.43,7.45
Female,21,97.8,75.9,59.3,3.2,3,10.6,0,8.08,8.24,8.26
Male,19,98.7,67.4,81.9,2.6,5,15.3,0,6.01,5.96,6.08
Female,21,66.2,89.2,87.6,4.8,2,12.4,0,9.86,9.25,9.56
Female,20,75.9,74.80000000000001,72.0,3.7,1,14.1,0,6.4,6.37,6.3
Female,20,87.0,56.3,75.5,2.9,1,6.3,0,5.2,5.42,5.3
Female,18,84.4,56.8,82.6,3.8,1,15.2,0,5.5,4.89,5.28
Female,22,92.8,69.2,89.8,4.6,1,11.0,0,6.19,6.7,6.46
Female,17,74.5,64.1,84.1,2.5,4,8.7,0,6.48,6.33,6.28
Female,20,78.9,74.6,60.8,3.6,4,7.4,0,7.1,7.05,7.06
Male,20,91.2,86.4,71.3,4.2,1,17.2,0,7.88,7.94,8.13
Female,18,62.5,77.30000000000001,98.0,4.7,2,10.6,0,7.25,7.23,7.24
Male,20,78.7,89.7,80.5,4.7,2,12.1,0,7.63,7.31,7.4
Male,21,79.8,100.0,41.7,4.9,5,11.3,0,10.0,10.0,10.0
Male,17,86.0,67.0,48.1,2.7,2,5.9,0,6.89,7.69,7.7
Female,22,87.2,69.4,60.9,3.7,4,13.9,1,5.55,5.92,5.93
Male,17,69.1,77.1,80.4,2.7,1,15.9,0,7.46,7.97,7.79
Male,20,70.1,50.4,90.1,2.6,1,14.5,0,4.58,4.25,4.35
Female,19,63.8,66.2,71.3,2.9,0,11.9,2,6.16,6.58,6.61
Male,18,95.6,80.60000000000001,75.1,4.2,5,8.1,0,8.03,8.9,8.49
Male,22,73.5,85.3,78.2,3.7,3,10.6,0,8.93,8.42,8.51
Male,22,94.7,85.5,79.4,2.9,4,5.1,0,8.17,7.78,8.06
Male,20,79.2,62.0,75.4,4.3,1,6.0,0,5.68,4.92,5.2
Female,19,79.4,57.9,89.3,4.5,3,14.7,0,5.92,5.69,5.7
Female,21,93.2,79.80000000000001,77.0,4.3,5,11.0,0,7.11,7.79,7.53
Female,19,69.3,62.400000000000006,86.9,2.6,2,13.0,0,6.28,6.04,6.18
Female,21,77.7,64.2,67.4,4.8,3,11.8,0,6.05,6.24,5.84
Female,17,76.9,70.3,93.1,4.5,5,7.7,0,6.17,6.43,6.3
Female,19,80.0,65.4,66.2,3.8,1,14.6,0,6.39,6.93,6.83
Female,19,68.9,79.7,87.9,2.6,3,8.6,0,8.25,8.63,8.72
Male,21,80.8,61.8,70.7,3.5,1,14.4,0,6.03,5.3,5.59
Male,17,80.6,75.1,86.3,3.9,2,9.8,0,6.81,6.49,6.74
Female,19,81.2,74.2,80.8,3.5,1,11.0,0,7.79,8.19,8.01
Male,19,98.7,76.7,66.9,4.3,1,14.7,1,6.96,6.87,6.93
Female,21,84.6,84.0,50.8,3.0,1,10.3,0,8.51,8.52,8.19
Female,21,78.0,64.5,81.4,4.4,5,8.8,0,6.75,7.21,7.04
Female,19,90.4,72.2,72.6,2.8,3,11.2,1,7.85,8.2,8.26
Female,20,95.3,58.099999999999994,80.3,3.2,1,15.4,0,5.28,5.78,5.57
Female,18,82.0,93.9,74.4,3.1,1,8.4,3,8.78,9.01,8.83
Female,18,82.5,79.0,90.6,5.0,4,14.7,0,7.34,7.91,7.72
Male,21,72.6,72.9,92.3,3.8,0,5.8,0,7.75,8.0,7.97
Male,22,100.0,77.9,70.2,3.1,0,12.0,0,8.95,9.26,9.21
Male,20,91.2,83.5,73.3,4.5,1,10.6,0,8.01,8.68,8.52
Male,17,92.3,91.7,75.3,2.8,5,13.3,1,9.38,9.19,9.29
Male,17,86.3,63.5,100.0,3.4,1,17.2,1,5.45,5.14,5.34
Female,19,99.7,74.6,100.0,4.4,0,5.1,0,7.71,7.73,7.73
Female,22,89.4,84.80000000000001,82.2,4.6,3,9.5,0,8.45,8.4,8.55
Male,17,86.1,100.0,77.3,2.6,4,12.2,0,9.77,10.0,9.92
Female,17,77.1,63.9,69.6,4.6,0,15.0,1,6.21,5.77,5.92
Female,21,86.4,53.0,65.0,4.0,2,9.3,0,5.02,4.9,5.02
Male,21,100.0,94.7,51.9,3.4,5,14.9,1,9.43,9.3,9.29
Female,18,80.5,77.8,82.2,4.3,0,15.4,0,8.06,8.63,8.47
Male,21,82.8,77.30000000000001,61.2,4.8,1,16.3,0,7.36,7.72,7.61
Male,18,87.2,65.1,83.4,2.8,4,11.7,0,6.28,6.2,6.33
Female,19,81.0,94.1,92.6,3.8,2,11.5,3,8.77,8.61,8.66
Female,17,100.0,71.3,79.3,4.8,2,14.2,0,6.43,6.19,6.18
Female,20,76.1,50.0,81.5,3.8,4,7.9,0,5.59,5.51,5.47
Male,22,93.6,84.7,61.1,4.0,1,14.9,0,9.7,9.44,9.71
Female,22,81.5,67.9,78.9,4.4,0,11.6,0,6.25,6.86,6.68
Male,17,86.4,80.7,89.0,3.3,3,5.4,2,7.95,8.47,8.21
Female,20,74.9,51.8,68.4,3.7,4,11.2,1,5.06,4.62,4.75
Female,17,70.1,61.5,79.7,3.7,5,7.3,1,5.99,5.98,6.09
Male,22,92.8,79.0,81.8,4.8,1,12.2,0,6.65,6.64,6.63
Male,20,78.1,80.60000000000001,90.7,2.5,3,16.7,3,7.23,7.85,7.64
Female,21,91.0,64.1,76.7,4.8,0,10.5,0,5.96,6.3,6.35
Male,18,83.3,91.30000000000001,72.7,3.8,1,15.4,0,9.68,9.67,9.51
Female,19,87.9,57.699999999999996,80.3,2.9,0,17.3,1,6.13,6.62,6.49
Male,22,70.8,86.7,71.8,2.6,2,6.4,3,9.15,10.0,9.72
Male,18,100.0,76.10000000000001,70.4,4.3,2,18.0,0,7.17,7.05,7.08
Male,18,95.3,70.4,70.1,4.0,4,16.5,1,6.51,6.41,6.48
Male,22,88.2,63.099999999999994,83.7,3.2,3,3.9,0,6.18,6.25,6.45
Male,19,87.4,64.9,77.6,2.6,1,10.6,0,6.45,6.78,6.82
Male,21,84.8,94.7,85.9,5.0,3,14.4,0,8.61,8.84,8.71
Female,20,100.0,99.9,74.6,4.8,5,10.0,0,10.0,10.0,10.0
Male,22,100.0,71.2,87.4,4.7,5,8.8,0,6.45,6.4,6.58
Male,21,77.7,66.10000000000001,100.0,3.7,5,15.9,0,5.5,5.22,5.03
Female,17,83.6,61.3,75.7,3.8,0,9.2,0,5.64,5.57,5.78
Female,18,99.1,84.39999999999999,71.1,3.5,0,19.9,0,8.2,9.2,8.88
Female,21,83.2,57.699999999999996,86.4,2.5,4,11.0,2,5.76,6.24,6.19
Female,19,78.7,66.5,59.5,3.3,0,12.3,0,6.24,6.14,6.15
Female,20,89.7,75.9,71.5,4.9,3,8.9,0,7.22,7.36,7.36
Male,19,70.0,86.89999999999999,64.4,4.2,4,12.4,1,8.51,8.47,8.61
Female,20,91.7,67.6,65.5,3.8,1,15.5,0,6.36,6.6,6.69
Female,17,78.0,88.69999999999999,68.7,3.9,4,15.1,0,7.68,7.67,7.75
Female,18,79.8,62.400000000000006,85.2,2.6,5,14.6,0,5.97,6.09,6.35
Male,17,96.5,89.0,80.2,4.6,2,12.7,0,7.5,7.33,7.37
Male,20,66.3,61.1,51.2,4.9,5,21.3,1,5.72,5.43,5.37
Male,22,67.4,59.800000000000004,64.3,4.0,3,11.4,0,5.66,5.76,5.87
Female,19,73.2,80.0,74.8,4.7,0,10.3,1,7.73,8.18,7.97
Male,17,83.2,78.4,71.7,4.9,2,14.3,0,7.78,8.61,8.21
Female,19,83.8,64.1,82.2,3.9,2,10.0,0,5.47,6.0,5.85
Male,18,91.3,95.0,78.2,2.9,0,9.8,1,9.05,8.54,8.84
Male,20,81.1,77.2,62.6,2.9,3,14.2,0,7.66,8.08,7.97
Female,17,67.3,100.0,96.0,2.8,0,14.9,1,9.42,9.47,9.43
Male,19,97.6,78.2,65.6,4.7,4,16.6,0,7.4,8.14,8.08
Male,21,92.6,72.0,40.0,5.0,4,13.2,0,7.03,6.6,6.83
Female,20,91.3,83.2,86.4,3.1,0,10.7,3,7.99,8.13,8.22
Female,20,91.4,99.9,100.0,3.8,3,12.3,0,9.52,9.3,9.37
Male,22,80.5,82.30000000000001,56.3,4.0,4,13.6,1,7.79,7.58,7.59
Male,21,79.9,77.9,92.8,3.0,4,3.8,0,6.76,7.25,7.17
Male,22,89.5,86.1,69.2,2.8,3,11.0,0,8.53,8.46,8.74
Male,18,82.5,83.80000000000001,75.1,3.6,2,4.6,0,8.71,9.13,9.11
Female,19,75.1,94.39999999999999,63.4,3.7,3,5.5,0,9.11,9.22,9.18
Male,17,100.0,83.10000000000001,70.1,3.6,1,7.8,0,8.17,8.84,8.76
Female,19,87.3,71.10000000000001,78.2,4.3,3,5.0,0,6.63,5.84,6.12
Female,20,93.4,62.199999999999996,66.0,2.6,0,15.2,1,5.28,5.8,5.61
Female,19,81.1,61.5,79.5,3.8,1,5.4,0,6.32,6.07,6.3
Female,21,81.8,91.5,84.7,4.3,4,2.0,0,9.03,8.72,8.79
Male,20,65.9,73.89999999999999,100.0,4.1,0,18.7,1,7.34,8.23,8.0
Male,19,83.1,87.4,92.4,4.0,0,10.1,0,8.96,9.38,9.13
Female,19,100.0,67.30000000000001,71.8,3.9,4,8.1,0,6.5,6.95,6.91
Female,19,83.1,85.1,65.1,3.6,3,10.0,0,9.21,9.97,9.73
Female,20,100.0,73.1,72.1,2.6,5,15.2,0,7.34,7.5,7.55
Male,19,95.3,79.7,63.4,4.8,2,6.6,2,7.84,7.87,7.9
Male,20,84.8,100.0,59.0,3.8,2,9.9,1,9.69,9.64,9.72
Male,20,90.8,90.39999999999999,56.9,4.6,2,9.8,1,9.94,10.0,9.98
Female,22,76.1,68.2,67.9,4.2,5,11.3,0,7.02,7.47,7.39
Female,21,90.7,79.6,94.5,2.9,1,12.9,0,7.88,7.0,7.31
Female,20,82.9,58.6,63.9,4.0,2,16.0,0,5.89,6.04,5.88
Female,19,100.0,79.4,67.9,3.4,0,7.0,2,8.53,8.49,8.45
Male,21,94.0,86.1,77.0,3.7,4,13.8,1,8.5,8.69,8.78
Male,22,91.3,73.0,91.2,3.6,4,2.5,0,6.79,6.87,6.86
Male,22,95.1,62.300000000000004,78.1,2.5,3,15.3,0,5.52,5.59,5.61
Male,20,79.5,68.89999999999999,78.4,3.0,2,15.8,0,7.0,7.09,7.18
Male,20,75.9,53.6,68.6,3.6,5,15.3,0,4.7,4.86,4.86
Female,18,84.8,81.1,65.5,3.0,5,17.6,0,8.0,7.76,7.94
Female,18,100.0,65.6,79.0,3.9,2,13.1,1,6.29,6.04,6.09
Male,22,74.0,83.80000000000001,87.1,4.2,3,12.1,0,7.8,7.04,7.37
Female,17,74.0,86.89999999999999,70.4,4.4,3,5.6,0,9.14,9.21,9.37
Female,21,78.4,67.9,80.7,3.1,3,9.7,0,7.7,7.26,7.41
Female,21,84.7,98.0,59.1,3.9,0,8.1,0,9.81,10.0,9.94
Female,22,97.7,63.3,73.6,4.3,4,9.8,0,6.4,6.98,6.64
Male,17,95.6,100.0,69.6,3.7,1,9.6,0,10.0,10.0,10.0
Female,18,79.0,82.10000000000001,75.0,4.8,5,14.3,1,7.79,7.98,7.86
Male,21,97.9,67.4,88.5,4.5,5,11.4,0,6.45,5.85,5.98
Female,19,81.8,77.5,87.1,2.7,3,10.2,2,7.11,6.63,6.87
Male,17,98.8,90.19999999999999,83.5,2.8,0,14.1,0,9.24,9.47,9.49
Female,18,81.8,58.7,66.8,4.9,4,12.0,0,5.7,6.57,6.32
Male,20,96.8,69.80000000000001,71.3,3.4,2,12.2,2,5.93,6.41,6.3
Female,20,81.5,100.0,73.9,4.7,5,16.7,0,10.0,10.0,9.94
Male,19,85.2,89.80000000000001,81.3,3.2,0,19.1,0,9.02,9.28,9.35
Female,17,83.6,79.9,75.2,2.7,2,8.1,2,6.66,6.93,6.89
Female,17,78.8,55.599999999999994,82.6,4.8,0,10.1,0,4.44,4.26,4.33
